portfolio_return_1d,portfolio_return_5d,rolling_volatility_5d,rolling_volatility_20d,rolling_volatility_60d,rolling_mean_return_5d,rolling_mean_return_20d,rolling_max_drawdown_20d,rolling_max_drawdown_60d,downside_volatility_20d,skewness_20d,kurtosis_20d,correlation_mean_20d,correlation_max_20d
-0.0036853372122632845,-0.009361448929316257,0.0073867538459331085,0.007474073448325882,0.008373416701750167,-0.0018722897858632515,2.972229148498482e-05,-0.024325356573914214,-0.04528554828831888,0.005270693147148524,-0.4013788465445387,-0.11798660173758603,0.2938929514738073,0.8542138003193255
4.438481192289064e-05,-0.00641348414483391,0.0035184508273659984,0.005803593907647574,0.006941093898803558,-0.001282696828966782,0.0009124339653936439,-0.024264431001683295,-0.055723602051491405,0.0032946612482042197,0.05998871784786547,-0.704529818416781,0.1484121614020416,0.5883365852874786
-0.001505630218016409,-0.015911928045133788,0.05145644628540697,0.047008567285984106,0.03849230609916985,-0.0031823856090267577,-0.0008084401966340735,-0.11777935776994186,-0.11777935776994186,0.034385392275787616,-0.02586119973947764,-0.2306610691063509,0.11359063412502252,0.9855483774763715
0.000996388590537815,-0.004496561810483353,0.00654984978541576,0.00671319023553847,0.008290787289691666,-0.0008993123620966706,-0.0024208044904040237,-0.06638532280077358,-0.07538115876888918,0.005777130340396177,-1.0001235837472728,1.1859356014236553,0.1917914933034158,0.5664957479202258
-0.0016604459237310515,0.002410513737204606,0.01711839478859235,0.014131959561030683,0.014318289313255853,0.0004821027474409212,0.0041089875754099035,-0.040783308471548096,-0.09084233739402803,0.008467981683357108,0.13338462226462577,-0.09990227071900255,0.3084307531497206,0.7559557508728758
0.006658908464090214,-0.01056958356259053,0.006998059556635948,0.007257093750476942,0.008404551059019487,-0.002113916712518106,0.000839612827300512,-0.024325356573914214,-0.04528554828831888,0.005497408052133836,-0.6334688756501524,0.388388740461245,0.2707742082309695,0.8643754321700963
-0.002281739577639479,-0.007819048265637847,0.003533966949000361,0.005415419349426247,0.006920117025616315,-0.0015638096531275694,0.0012295260120311062,-0.0161717910242124,-0.055723602051491405,0.0028529990447426212,0.1857289010127446,-0.5679468944945638,0.10964584401699201,0.5336075492152251
0.06810002825096241,-0.019274028405903545,0.05024485480120927,0.04931619440252448,0.03938907396120838,-0.0038548056811807093,0.0033165369213001374,-0.11777935776994186,-0.11777935776994186,0.035793696195795095,-0.14113610224968712,-0.5322065716843893,0.11086614042506893,0.9851613328314798
0.004036981498298777,0.0029609735344849914,0.0066799981402392485,0.006867117098858429,0.008286169264814026,0.0005921947068969983,-0.0021130037194174857,-0.06638532280077358,-0.07538115876888918,0.005898263170546265,-1.035251599441274,1.045536916048441,0.23258599769713403,0.566583626092217
-0.007819466415775448,0.00018912295711026074,0.017342998057962224,0.013306103931544078,0.01439140293434493,3.782459142205215e-05,0.0047018872859216475,-0.040783308471548096,-0.09084233739402803,0.0072612445378535334,0.3031028919713135,0.06263695437522264,0.2999419105554603,0.74842671311279
-0.004514289288415647,-0.00245666374518587,0.004414745977862783,0.007010581541444001,0.008333727427799894,-0.000491332749037174,0.0010580653450308597,-0.024325356573914214,-0.04528554828831888,0.005394136105178654,-0.676615814998049,0.8241203729388887,0.24400959891989768,0.8875952151268546
0.00039405011817767095,-0.001460062253616012,0.0025657187912776513,0.004885339007355175,0.006801683436237662,-0.0002920124507232024,0.0006911502358784818,-0.0161717910242124,-0.055723602051491405,0.0028529990447426212,0.13019719424602022,-0.31624876027643634,0.03733125423643661,0.47729830824246244
-0.07186958905771221,-0.07606427283474615,0.05906178088808615,0.0498989031568808,0.040572331953299554,-0.01521285456694923,-0.0034579864469734926,-0.11777935776994186,-0.11777935776994186,0.035677053138846754,0.01595204918149153,-0.5935520525063798,0.14675427843467875,0.9848599590331795
-0.009678188014229183,0.004335234987724118,0.006082655772704361,0.006932255759345881,0.008342978433285398,0.0008670469975448237,-0.002174730036808378,-0.06638532280077358,-0.07538115876888918,0.0059463177806862956,-1.0081271102869054,0.8828383661502471,0.2189956831626072,0.5178337672082128
0.01074664096699189,0.03169790438697767,0.01310150627810183,0.013260884207197291,0.014141190350250316,0.006339580877395534,0.005360140383870518,-0.040783308471548096,-0.09084233739402803,0.007465948053014476,0.15520051258484213,0.0507654249743513,0.2808913697645792,0.7387346857464827
0.004376967545194163,0.002850457338118201,0.0048947575381101055,0.0070200249001600365,0.0081103050800498,0.0005700914676236401,0.0013538896877543873,-0.022914677348558787,-0.04528554828831888,0.005560673531387854,-0.8053008334581865,0.9559965472997808,0.2781836555900628,0.8868299690072208
0.000982154524856689,-0.003934570246053718,0.0017803055333671,0.00448569775762102,0.0067343823360953604,-0.0007869140492107437,0.00029316892123757224,-0.0161717910242124,-0.055723602051491405,0.0028529990447426212,0.10086766010292875,0.1476318008420074,-0.011941263426648021,0.33277605715198993
-0.0026356984994867264,-0.002302817313925423,0.0059502339152099504,0.006923050956632658,0.00833080545618528,-0.0004605634627850846,-0.002275746066827339,-0.06638532280077358,-0.07538115876888918,0.005764201969860855,-0.9641979964243756,0.8349486965595879,0.15750547745722018,0.5527980133786796
0.007853815639686911,0.013265232483686622,0.007467580091829729,0.013028200670535325,0.014082708351439228,0.0026530464967373245,0.004939605978817059,-0.040783308471548096,-0.09084233739402803,0.007465948053014476,0.2374221595448364,0.3081172876514555,0.2951653907230188,0.7021037910803708
0.005953842807773217,0.008790092316378586,0.005418821932994085,0.007069432003276886,0.007966178811619868,0.0017580184632757171,0.0014445225653437201,-0.022914677348558787,-0.04528554828831888,0.005560673531387854,-0.8187450149347991,0.8933583929812297,0.2863239305629175,0.8907218948083817
0.008383640454490086,0.007522490331807874,0.0040402989873821685,0.004836628810829918,0.006733588193706998,0.0015044980663615748,0.0006577041474941571,-0.0161717910242124,-0.055723602051491405,0.0028529990447426212,0.10218283874696285,-0.3308186568521082,0.026127303505648698,0.38654391074186445
0.0019057259880019969,-0.07617834085402539,0.0590534818357902,0.04676580827638072,0.04051928890302286,-0.015235668170805078,0.0005076889713886174,-0.11777935776994186,-0.11777935776994186,0.035017746944528326,-0.032687009421250385,-0.2184793478016655,0.20011606042076877,0.9835937183551273
0.014575863146986459,0.007295346722107141,0.008940296546821817,0.00785116137749667,0.00818220176590966,0.0014590693444214281,-0.0016270053198068762,-0.06638532280077358,-0.07538115876888918,0.005764201969860855,-0.36595412807304195,0.7273647740440947,0.2170905658197658,0.556104444612616
0.019167843092373654,0.028288387359545974,0.01058812406427382,0.013379171519177098,0.014220233790805635,0.005657677471909195,0.0058165835318751595,-0.040783308471548096,-0.09084233739402803,0.007465948053014476,0.0716220260007838,-0.04645644510541528,0.29548048452976616,0.7583558325158339
0.013194575136607682,0.025670004665249553,0.006356747279796263,0.007461660081261714,0.00809045544419809,0.0051340009330499104,0.0022390702945508352,-0.019469840122874227,-0.04528554828831888,0.005866152700128949,-0.8143047469134588,0.8045460471136561,0.3437544948117313,0.894705877326645
-0.00013430426894286312,0.007343801250942121,0.004057197926237181,0.004800836747729663,0.0067344439571296365,0.0014687602501884242,0.0007504771699161485,-0.0161717910242124,-0.055723602051491405,0.003028303133514635,0.049607080140793215,-0.2485036178575807,0.07091290629659792,0.29922372359988975
0.0767797898762344,0.07341032483947026,0.060469147852091606,0.04976066709816317,0.04161262884407947,0.014682064967894051,0.003802222156564501,-0.11777935776994186,-0.11777935776994186,0.035017746944528326,-0.038103369395844175,-0.5736535530387793,0.1839135473438852,0.9842790635999834
0.0015511984344620676,0.007850156566031394,0.008936560592267738,0.007611548126239833,0.008182876598993452,0.0015700313132062788,-0.0019121425565845555,-0.06638532280077358,-0.07538115876888918,0.005764201969860855,-0.3653140032318048,1.0796567879217838,0.1723475479569547,0.6000845129668428
0.009716608018337349,0.08463256307582401,0.05992390576579541,0.04974778131553444,0.04161900543056568,0.016926512615164802,0.004454434704986274,-0.11777935776994186,-0.11777935776994186,0.03526736723930499,-0.08156647799460806,-0.5667274277193699,0.1863114903766829,0.9844939523521983
-0.0018768474115056885,0.0019363276562269285,0.008919766198300089,0.007534206266428689,0.008156314154711521,0.0003872655312453857,-0.0016802559137398764,-0.06638532280077358,-0.07538115876888918,0.005968865139761869,-0.4659763505715017,1.3252592796505702,0.16787295710642458,0.6195397409803949
0.009803213253387642,0.03975204653666467,0.009820653304868403,0.012069697839980801,0.014240425742207487,0.007950409307332934,0.004764013455856949,-0.040783308471548096,-0.09084233739402803,0.007465948053014476,-0.1309245326660188,0.27823089008517227,0.2527398869825287,0.7207029635012797
0.010981743341217985,0.029992839542377324,0.006887784693496708,0.007223966010793835,0.008189653409645151,0.005998567908475465,0.0020798600598424715,-0.019469840122874227,-0.04528554828831888,0.005866152700128949,-0.9834056252964491,0.9122066323069106,0.31723278195258753,0.9004577876011094
0.011340790548751227,0.020966331377332826,0.005294324505991615,0.005354340003822944,0.006863087010094052,0.0041932662754665655,0.0012610439504357341,-0.0161717910242124,-0.055723602051491405,0.003028303133514635,0.1693648134378099,-0.46161362215233936,0.10628635226043215,0.38424807449013576
-0.016600109139462388,-6.757431460079066e-05,0.05346489721740557,0.049963377558931224,0.04169830345479184,-1.3514862920158133e-05,0.003632674801818436,-0.11777935776994186,-0.11777935776994186,0.03312483107470303,-0.03001564773313897,-0.6200969392917661,0.2302357286222028,0.9843933043560874
-0.009939525321412908,0.0016749903490432035,0.008993949506892989,0.007726879205198111,0.008174136232114554,0.00033499806980864073,-0.0022207472927129445,-0.06638532280077358,-0.07538115876888918,0.005773430925920432,-0.2719377790809053,0.8170414721810053,0.15668995863407978,0.5334580892989421
0.005771412869801394,0.05334292582224151,0.005120975750263769,0.01192548605273538,0.014235704855854407,0.010668585164448302,0.005210535522335401,-0.040783308471548096,-0.09084233739402803,0.007699209708141808,-0.24341746001118617,0.48567651678347473,0.241405701828252,0.7196349540391679
-0.0032955794214511907,0.031211549409341777,0.0064290409342307895,0.007292026945832735,0.008140411688758557,0.006242309881868356,0.0016795664100335613,-0.019469840122874227,-0.04528554828831888,0.005503977054399723,-0.7991209949707064,0.5268499762195922,0.3735377751329663,0.9148432041358006
-0.00020310601856072846,0.02036917524059443,0.005406991186106429,0.00533142029008738,0.006840705768916791,0.004073835048118886,0.0010650666486157249,-0.0161717910242124,-0.055723602051491405,0.0030064622279114485,0.28722244340515446,-0.3701496387938835,0.10105093675142429,0.4133613174749339
-0.08668014414015882,-0.014878129397047399,0.058604435969241676,0.053880155467048614,0.04327570632294331,-0.0029756258794094797,-0.0009769122352062155,-0.11777935776994186,-0.12131105260965447,0.03458143174545196,-0.013429896227945775,-0.8765503358016176,0.31813799967699186,0.9864733506738064
-0.01738860931399895,-0.01307792046546902,0.012096859675330085,0.008212852057264197,0.008462504761745235,-0.002615584093093804,-0.002529190285119212,-0.06638532280077358,-0.08584219924573377,0.006434290355511772,-0.39266278936528415,0.5257268559740346,0.2455791055181292,0.5534890724168031
0.00044309805479962724,0.04303938291004925,0.0068596549685782555,0.011953931571549304,0.014000780887970719,0.00860787658200985,0.005127771128423989,-0.040783308471548096,-0.09084233739402803,0.007699209708141808,-0.22128244850961432,0.44103325012105654,0.2335618487307926,0.6721342842202326
0.0008903935981032506,0.02772497546225087,0.006856794725558633,0.006102136599838006,0.007967023853891331,0.005544995092450174,0.0024919269027374527,-0.017080930195784716,-0.04528554828831888,0.004086671453111874,-0.5377253869100054,0.5708387901462862,0.4030805368941624,0.8493548317196595
0.00426362395606832,0.023650644671806057,0.0051299643710409175,0.0052112243530431064,0.006849442512340356,0.004730128934361212,0.0009336114438883086,-0.0161717910242124,-0.055723602051491405,0.0030064622279114485,0.32340033967473414,-0.13515841062689404,0.10555984386376792,0.38610352084941124
0.047339577626127206,0.03055572224107781,0.06291435606025632,0.05190495454183261,0.043641872432180956,0.0061111444482155625,-0.0025161751874143903,-0.11777935776994186,-0.12131105260965447,0.03458143174545196,-0.07595402492888104,-0.8013113836435127,0.25432393999200675,0.9748150115759199
0.009106401440291598,-0.01854738217216388,0.010261726711216073,0.007460869051995689,0.008487580695122662,-0.0037094764344327764,-0.001058494064018132,-0.06638532280077358,-0.08584219924573377,0.005222631756890701,-0.17672982156879055,0.3776229336153113,0.18404638696024445,0.49559676806603986
0.021201201203465345,0.056386768473827675,0.008812095976422825,0.01248224967038618,0.013960386777808718,0.011277353694765535,0.005935740949898351,-0.040783308471548096,-0.09084233739402803,0.007699209708141808,-0.2855714610214722,0.064189557098391,0.27252675314043084,0.6872543383057866
0.007475743493242609,0.029246876147720258,0.006913029947630525,0.006137018247021556,0.007739838300137895,0.005849375229544052,0.0025368721041421722,-0.017080930195784716,-0.04528554828831888,0.004086671453111874,-0.5389468981643829,0.5144897468768306,0.40201873422619583,0.8419697652162001
0.0004929877649276874,0.015759991982243662,0.0049350500676571514,0.005193894546707467,0.0062154275266980115,0.0031519983964487324,0.0010053521874291654,-0.0161717910242124,-0.055723602051491405,0.0031056238134035733,0.2833209668509638,-0.11163119271405987,0.08781886282126254,0.3428121270845968
-0.05431109284677834,-0.10053516048193493,0.05256588770388219,0.053169861966750734,0.0442440711134612,-0.020107032096386986,-0.004716781972545128,-0.11777935776994186,-0.12741554248437237,0.031956527787347325,0.01350688227519915,-0.9990290045492827,0.2647917648663583,0.9676054855152244
-0.0017167804441444892,-0.02181536105077044,0.0099419859739645,0.0073573373434453766,0.008486648748159418,-0.004363072210154088,-0.0008245396068114261,-0.06638532280077358,-0.08584219924573377,0.005392171640610279,-0.2680448174904303,0.616573911914953,0.18172920829323044,0.5669214330672588
-0.03379115955557709,0.0034277658258769356,0.020727952222543367,0.01515963930611744,0.01446062170621556,0.0006855531651753871,0.003563609571389309,-0.040783308471548096,-0.09084233739402803,0.011831889763478294,-0.6934794726112803,0.7803931287862582,0.475358905959644,0.7592749483666198
-0.0027473734035076587,0.013304927607604917,0.006330144409122075,0.006242212888643255,0.007752754602134265,0.0026609855215209833,0.0023516317176661343,-0.017080930195784716,-0.04528554828831888,0.0037992866998871814,-0.44773646881538104,0.21196176568262234,0.2856863054762965,0.8624674651000209
-0.010218175194893726,0.005676121056292798,0.007826936545752677,0.005449486187246105,0.006326604548336132,0.0011352242112585595,0.0008741067307662803,-0.0161717910242124,-0.055723602051491405,0.00365504838232494,0.04443825293123396,0.14167681264322649,0.019414739753835748,0.23199400224038352
0.013563960455520658,-0.09668780804475162,0.05313665402989601,0.049944470437166204,0.044201483962812885,-0.019337561608950324,0.00012906116559670183,-0.1137555415878716,-0.12741554248437237,0.031542819796893974,-0.07707123414750312,-0.7598442844847179,0.24992924603878944,0.959988981138585
0.006988964769595568,-0.012949548869669182,0.011206462924804862,0.007541942215479966,0.00840357036269424,-0.0025899097739338363,-0.00033410055410698056,-0.0656154657382868,-0.08584219924573377,0.005589699142826886,-0.39981256562527656,0.40086557666695266,0.150640471106162,0.5358431908603569
0.0074644599114095985,0.0010890124838988918,0.020495852697016537,0.014206040855598377,0.014451021803984186,0.00021780249677977835,0.0026086144846844813,-0.040783308471548096,-0.09084233739402803,0.011831889763478294,-0.8652727612416586,1.2416543838814638,0.43806294418902,0.7320701379450456
-0.0014373255762256147,0.0008858586901613176,0.004387408163311779,0.0062310863170378025,0.007729535184589609,0.00017717173803226353,0.0019741465409753205,-0.017080930195784716,-0.04528554828831888,0.0036679187013187475,-0.2739479130779995,0.12687040852621242,0.2669578450296244,0.8495311653341925
0.003524256567181954,-0.0021404129252764748,0.005796076116577389,0.005113573894358722,0.0062001665127552,-0.00042808258505529494,0.0014203548618970053,-0.0161717910242124,-0.054911394298741256,0.003561486809080546,-0.0477769673338977,0.6493389693332815,-0.03915905841751876,0.301004038629186
0.019900324298549203,-0.060187374606740035,0.05603498398814386,0.05013357120372514,0.04425706348709169,-0.012037474921348008,0.0008965454306724002,-0.10684332188718826,-0.12741554248437237,0.031542819796893974,-0.12368909156531992,-0.7923728739291818,0.27137027471939074,0.9586050186012365
0.014853290947182393,0.011843267398926119,0.0125464227983103,0.008235655069921894,0.00778624965032401,0.0023686534797852238,0.00022209073268144084,-0.0656154657382868,-0.08584219924573377,0.005589699142826886,-0.17281134003425358,0.08307420444980816,0.21644477817585983,0.5797998781397501
0.0014770875901105238,-0.0032053127957919784,0.0202939330586791,0.014189805863713333,0.014320390580315947,-0.0006410625591583957,0.0024005948330401198,-0.040783308471548096,-0.09084233739402803,0.011831889763478294,-0.81997484045475,1.2022585489829563,0.4473711859837749,0.7513329606744811
0.0019330286569176711,0.006114466768530179,0.003954515330051414,0.006127203312027518,0.007655367390502806,0.0012228933537060359,0.0022131890364061784,-0.017080930195784716,-0.04528554828831888,0.003929166412894335,-0.3897302325998229,0.4167722158008358,0.27216699737096434,0.8336658789916161
0.010625841228361313,0.008688534321645567,0.007633206909920926,0.005488374353209765,0.006300876955185503,0.0017377068643291134,0.0019700560394526317,-0.012876272935554378,-0.04845015386620388,0.0036860370870976417,-0.0957124740768707,0.15266989743872408,-0.024861309978759016,0.2174286132053605
0.040875318707134775,0.06736808824055356,0.04041606785435188,0.048430678976683524,0.04446807722255911,0.013473617648110711,-0.0005489159814408829,-0.10684332188718826,-0.12741554248437237,0.031542819796893974,-0.17308339674300552,-0.6802123092794343,0.3163372533278228,0.9578643544395157
0.001632085513925797,0.030863962226850866,0.006470831342534634,0.008215162153385603,0.007784426846695983,0.006172792445370173,0.0004298001684737247,-0.0656154657382868,-0.08584219924573377,0.005780184585490571,-0.25593022711765995,0.14522499661016416,0.23258857760667795,0.5358497247442504
-0.006869075322732278,-0.010517486173323884,0.020459069130866862,0.014335242249807352,0.014224036053285878,-0.002103497234664777,0.001874497472304076,-0.040783308471548096,-0.09084233739402803,0.011146197119827865,-0.6887313803751282,0.8893885801138923,0.45776470636629407,0.7672476390934485
0.009478949710782095,0.014703022881209024,0.005381728747485792,0.006237914133304372,0.007709664431204165,0.0029406045762418046,0.0023188043491790327,-0.017080930195784716,-0.04528554828831888,0.003929166412894335,-0.3663510467038401,0.27091870196000656,0.28688494607235654,0.823075970956025
0.01095279174997856,0.015377702115555808,0.00869844713237693,0.005841006404403574,0.006376445685560019,0.0030755404231111614,0.002350491084845315,-0.010166147004586512,-0.038735888166603116,0.0036860370870976417,-0.08489363419556696,-0.2651276075806606,0.027489861431988397,0.20082062565588898
-0.06561122273626827,-0.045582712121841916,0.04767013277755591,0.050519570767985224,0.045344384673875325,-0.009116542424368382,-0.004145443169633523,-0.10684332188718826,-0.12741554248437237,0.03018319782363237,-0.03982587740955832,-0.9816261247270017,0.3473672599443732,0.9508040721689616
0.0026517169141503302,0.024409277700709598,0.006382514272392665,0.008227375644090271,0.007731084952372366,0.00488185554014192,0.0005815411900813377,-0.06392633335670328,-0.08584219924573377,0.0056796978968837,-0.3150692961385833,0.14968441674538083,0.24267230062245557,0.5479909659201425
-0.041274133833577274,-0.0729928212103665,0.021707661916245676,0.017085531479087115,0.014522581232784377,-0.0145985642420733,-0.0007391926892760841,-0.07039249654145208,-0.07572715787201945,0.014339919802017006,-0.8435299743518593,0.756989084580141,0.5329772292169703,0.8120323873679022
-0.01670510103542931,-0.009477821647462893,0.00954326507027404,0.00751432016772789,0.008009569433058264,-0.0018955643294925786,0.001249896985178927,-0.017080930195784716,-0.04528554828831888,0.005731737077198406,-0.6827749241668817,0.5900272063081442,0.420542289546876,0.8157550147087756
0.009946214757784698,0.024830929108412815,0.009018256726277268,0.005841183518716727,0.006371979709439475,0.004966185821682563,0.0023506204984918956,-0.010166147004586512,-0.026218883894446043,0.0036860370870976417,-0.08482835499985886,-0.26523400858646,0.05097344609622371,0.25818250552480104
-0.003357185316947103,0.005371195407989322,0.04050039784994269,0.05048986952725773,0.045327204214977955,0.0010742390815978644,-0.004478215095621056,-0.10684332188718826,-0.12741554248437237,0.03185851212297132,-0.018113489261666026,-0.9765844464401855,0.34526354805811804,0.95074725151294
0.009769544156513873,0.03589560230136796,0.005406161446450209,0.00845228707233812,0.007800874562917409,0.007179120460273592,0.0008716918003072785,-0.06392633335670328,-0.08584219924573377,0.0056796978968837,-0.33369341495022725,-0.08165298266943827,0.253201781992559,0.5805821597902874
-0.0033659267546099977,-0.04256758840939941,0.019089053246156035,0.017058787855123648,0.014469336512904208,-0.00851351768187988,-0.0011029266687329555,-0.07351622723508944,-0.07351622723508944,0.014123815627590993,-0.777813933658929,0.6979431209579005,0.5313366812886606,0.8071538594970322
-0.008121838398202333,-0.014852286642157568,0.00995690172807691,0.007795669461243001,0.008043847621965616,-0.0029704573284315135,0.0007380598350690474,-0.02452128567981826,-0.04528554828831888,0.005419878232780767,-0.49398169589857294,-0.01949001338930642,0.44257804595420885,0.8239972171614196
-0.016428918096022864,0.01862018620728368,0.011670334230593911,0.007138375162091004,0.00664632382329696,0.003724037241456736,0.00126133121848423,-0.016294699448706096,-0.024264431001683295,0.005775422020913909,-0.6028172893756262,0.7396106607950936,0.15407668856448617,0.3263019848281725
0.004841073383268618,-0.003351691664262718,0.040012832481897416,0.049182135251755375,0.04531605214603793,-0.0006703383328525436,-0.0015659432339162147,-0.10684332188718826,-0.12741554248437237,0.03361354428673232,-0.159251033725462,-0.7459145165965143,0.3972443817174351,0.9548830341635475
0.009694923886540646,0.038601561418313037,0.005516679052762235,0.00860907490065325,0.00778167828580709,0.007720312283662607,0.0015274656869677893,-0.06392633335670328,-0.08584219924573377,0.005907204981535045,-0.5000160940757089,-0.11112945188431911,0.22170031792130174,0.5073989552213839
-0.013696486555475994,-0.063728534876285,0.016878818698567496,0.01699315800079123,0.014499705256637567,-0.012745706975257001,-0.0010238481059258475,-0.08611929388540829,-0.08611929388540829,0.014131966354922375,-0.7922315734092311,0.7686329063029442,0.5418440143470435,0.8049734752390675
-0.01368376264257405,-0.027098723708506002,0.010942907996857258,0.008235422478060419,0.008233405810188051,-0.0054197447417012,-0.0003394804519278794,-0.03777859308211018,-0.04528554828831888,0.005657229431307037,-0.33222887038904675,-0.43055735800286155,0.515725853850613,0.8165945955327314
-0.004016097470395546,0.011079832169706177,0.012178723141738759,0.007221900035772079,0.006638411453878919,0.0022159664339412356,0.0011043351178062297,-0.020237433316733666,-0.024264431001683295,0.0055659849484473636,-0.5309714186305081,0.5041896252664385,0.13918357781360977,0.3228116441296408
-0.019480566350043988,-0.04273258231285591,0.038809176299575185,0.04618787257442289,0.04535442763802743,-0.008546516462571183,-0.006113077982005022,-0.1126537979008908,-0.1354655523131073,0.032558818569399954,-0.0975556770756063,-0.5252871796530464,0.4034914471729741,0.9515565334887784
0.005665412439089259,0.029413682910219903,0.0038142757355049055,0.00812112655832513,0.007799031458937357,0.00588273658204398,0.0023633587822956678,-0.060172327940214765,-0.08584219924573377,0.006271976739927298,-0.7149377321886365,0.6551717043809877,0.17216194306019186,0.4947544988807535
0.020272567447896322,-0.044933055018499195,0.022118107009041106,0.01760043391693939,0.01463437315804423,-0.00898661100369984,0.0002696840482530239,-0.08611929388540829,-0.08611929388540829,0.014631849065076528,-0.8538446427472778,0.6242259427552538,0.569625656993488,0.8136550950769922
0.007525347970813861,-0.021506404394609813,0.012106261637404712,0.007877958783385989,0.008270279245633106,-0.004301280878921962,0.000668147401903829,-0.03777859308211018,-0.04528554828831888,0.005589966896302072,-0.5282351144153214,0.016165522128421348,0.4790637320753601,0.8277395295623576
0.007342193268536459,0.007796184209881323,0.011690604434433474,0.007148953768696607,0.006671136350311406,0.0015592368419762646,0.001769691575925261,-0.020237433316733666,-0.024264431001683295,0.0060047319961275755,-0.7631742851985887,0.924090017237234,0.1354638272440256,0.32239912886368266
0.011103529900771179,-0.07250437111921951,0.030785318371749092,0.046291304395185244,0.04533594277160731,-0.014500874223843902,-0.004803934255522983,-0.1126537979008908,-0.1354655523131073,0.03318434534713972,-0.18776473688172013,-0.5312027602489174,0.41048028148284005,0.9513434054770434
-0.008766291447197773,0.019015305949096336,0.007633733302901954,0.008479486483430268,0.007877803024401792,0.003803061189819267,0.0017249265198276385,-0.052918295866092535,-0.08584219924573377,0.005755799103943172,-0.509255317894277,-0.03207491388206036,0.1983106747196858,0.5307996785160034
0.001079015780741886,-0.03698496391502504,0.022588941350909122,0.01689004031890401,0.014638542530802746,-0.007396992783005008,0.0013617418604338944,-0.08611929388540829,-0.08611929388540829,0.015675764326860256,-1.0690975767334512,1.5035458479140722,0.5821644646198215,0.8165945806515738
-0.0005271916540792329,-0.03151254575947114,0.009881430876929324,0.007874170325256166,0.008251209091582166,-0.0063025091518942285,0.0006882954961053627,-0.03777859308211018,-0.04528554828831888,0.0056381784077898746,-0.5372426507301958,0.0296671121017031,0.4807509490490303,0.8321030143651792
-0.0021267982109170656,-0.0052834057510143025,0.010461999976845422,0.0071885188788828065,0.0066821435098757265,-0.0010566811502028604,0.001490518539514688,-0.020237433316733666,-0.024264431001683295,0.005664058137142353,-0.6311895903695958,0.6991059979389471,0.14363341754600176,0.3060735688083952
-0.0012968206501635946,-0.008189969033114836,0.011464664752799374,0.04627150934904888,0.045317147763111555,-0.0016379938066229671,-0.004969764988395224,-0.1126537979008908,-0.1354655523131073,0.03402405044933947,-0.17622164740112925,-0.5293102984473999,0.4108812694945878,0.9480773480162961
-0.007246127679372422,0.009117461355573585,0.009141403777125618,0.00867106597063889,0.007929299868027805,0.001823492271114717,0.0011137351803113225,-0.052918295866092535,-0.08584219924573377,0.0053292260699066545,-0.3087256309555125,-0.3990410893257369,0.14881601615783518,0.4665718348896573
-0.04970839087580341,-0.04541922095725117,0.025833154423411376,0.019355877946577078,0.015585058654461876,-0.009083844191450235,-0.002438002060505174,-0.1116700522027646,-0.1116700522027646,0.01889260664427663,-1.246156911753242,1.1586035394703855,0.6768486615955334,0.8915249240012181
-0.018082393360884498,-0.032889838084926334,0.010256011309885606,0.008925300010181606,0.008590251278762931,-0.006577967616985267,-0.00021653456341450377,-0.048385191625158086,-0.048385191625158086,0.006531712657875249,-0.5737071384580689,-0.3361714168881467,0.5281952606762795,0.8624085631667439
-0.009730848227824785,-0.024960468736623786,0.008867833284441818,0.007555739325451464,0.0068382588688372945,-0.004992093747324757,0.0011576471342920238,-0.024651531976582985,-0.024651531976582985,0.0058581505130499995,-0.5752823406950762,0.13389802074098167,0.13296089025262373,0.3042844039481563
0.048191872522630935,0.043359088806463206,0.024871434607239843,0.04482243015864475,0.04572345540701614,0.008671817761292642,0.0010802724285993847,-0.1126537979008908,-0.1354655523131073,0.033865537640362375,-0.346356159967892,-0.2764223733748553,0.4681956853929195,0.9483185187662644
-0.0036570231017322274,-0.004309105902672516,0.00814098916877276,0.00873656553205197,0.00787834151196855,-0.0008618211805345033,0.0008810645956978203,-0.052918295866092535,-0.08584219924573377,0.005139282422456042,-0.22256124803006638,-0.520862805229792,0.1537505936802822,0.46645340551975784
-0.014866142025308256,-0.05691943622794943,0.025708446413706686,0.019481984226932366,0.01572647230934965,-0.011383887245589886,-0.003388543572596302,-0.12477841456988747,-0.12477841456988747,0.0177479480810052,-1.076780030201836,0.7699592379371345,0.6656913858707043,0.9043735202100966
-0.013918974581052705,-0.0386869742677767,0.010788055439082778,0.009414564665826998,0.00880328347831048,-0.007737394853555341,-0.0007282164318539748,-0.06153893825717183,-0.06153893825717183,0.006705310406260526,-0.484850997916101,-0.7835916418856517,0.5535392348671061,0.8742408674516653
-0.005778545210230831,-0.014310095850831754,0.006357777419072387,0.007711477515158022,0.006864527056724378,-0.002862019170166351,0.0008665006331843378,-0.030271374300369636,-0.030271374300369636,0.005479985677985635,-0.45759356767649106,-0.20381278043229822,0.1456157032443327,0.29771318766987687
-0.06548992788081054,-0.026971912457615953,0.041744319985243195,0.04723522315334087,0.04653531399915031,-0.005394382491523191,-0.002118942454540322,-0.11927637842491978,-0.14191788059496535,0.03249355641703984,-0.23350620165267222,-0.7246830651805645,0.5011088605458579,0.9469635146269492
-0.0023450042003645612,-0.016349033989577724,0.0056317361971204944,0.008731778591139137,0.007862769760697795,-0.003269806797915545,0.0005619653107646535,-0.052918295866092535,-0.08584219924573377,0.005063064705956063,-0.10676542035645896,-0.5444050043123231,0.15087416660187547,0.459704094583523
0.006566030141634901,-0.036656919530838536,0.0268255212907675,0.0196068327911145,0.015487247370011486,-0.007331383906167707,-0.0029772197693280046,-0.12477841456988747,-0.12477841456988747,0.017617865756531872,-1.1186673746949778,0.7783774333319694,0.6651441713149251,0.8732698621855046
0.009514459780474452,-0.0154887518447282,0.012451548642041116,0.009553124653304806,0.008442544788696733,-0.0030977503689456403,-0.000585438866034763,-0.06153893825717183,-0.06153893825717183,0.006705310406260526,-0.4688415055764461,-0.8375977762638307,0.5591145415609583,0.8915565437513219
0.013235898035260991,0.0029418996548247825,0.009486439093334258,0.008146428166865699,0.007028825996969621,0.0005883799309649565,0.0016423825138293616,-0.030271374300369636,-0.030271374300369636,0.005699885272293586,-0.498536645406178,-0.31894319592025405,0.18895354653126284,0.3506064118055942
-0.0020649148908961756,-0.009556260998468137,0.04099498993712453,0.04425720454600087,0.046463377394707454,-0.0019112521996936273,-0.005627189611633251,-0.12109312139054274,-0.14368791902264821,0.03322643557994881,-0.252641051372529,-0.4957261151053543,0.50566045477334,0.9609769623838185
-0.006139876222888339,-0.02815432265155532,0.00261686826130629,0.00854727764364961,0.007504448085613708,-0.0056308645303110635,0.0007388809003316957,-0.052918295866092535,-0.08584219924573377,0.004940371624823855,-0.11046204518690862,-0.3910837248283442,0.14258075971853354,0.4245965041355788
-0.0011891239891476532,-0.05811861096788251,0.02270497058326988,0.019576680289212906,0.015424203879757372,-0.011623722193576502,-0.0026457026479966145,-0.12477841456988747,-0.12477841456988747,0.018483946817690843,-1.1793681139400856,0.9010960745870369,0.6686315807704186,0.8642771221943145
-0.002113818839794982,-0.025127918655337044,0.011064576922523642,0.009516173459664493,0.008452378011051706,-0.005025583731067409,-0.00046541534360372967,-0.06153893825717183,-0.06153893825717183,0.006896278674385211,-0.5124954111555611,-0.7668130016634777,0.5670480023097181,0.8897388441769214
-0.0006869290580658155,-0.005087222671777491,0.008704728083602,0.00815872306349762,0.00703469665572171,-0.0010174445343554982,0.001588333555017187,-0.030271374300369636,-0.030271374300369636,0.005626616710552198,-0.4753549998441008,-0.35379189731067057,0.20094099689511444,0.39880434233315043
0.01656992798900249,-0.0040898629102368265,0.04149864445440488,0.041630506316335414,0.04651083623207263,-0.0008179725820473653,-0.0012052137592975167,-0.12109312139054274,-0.14368791902264821,0.03299950307102747,-0.4145449033249002,0.015416080980458293,0.530144585078985,0.9623813417499261
-0.002875318533579016,-0.022263349737936568,0.002133859027870573,0.008552423256996202,0.007508526677669003,-0.0044526699475873135,0.0007268998986270812,-0.03901266546822779,-0.08584219924573377,0.004921864805758884,-0.10641405528608956,-0.3988531470890572,0.15016551917344442,0.4381866783766434
-0.021994537506661038,-0.08119216425528543,0.021804696986550836,0.019765873189958455,0.015622906280656728,-0.016238432851057086,-0.004282761571679261,-0.13920234651391528,-0.13920234651391528,0.017296440979756866,-0.9421313432926031,0.34250798733300203,0.6599870479689366,0.8734636232681354
-0.0012190852804487488,-0.02581981228170656,0.010998381764104902,0.009448328019576149,0.008386198921973238,-0.005163962456341311,-0.0007452179848858753,-0.06153893825717183,-0.06153893825717183,0.0068601252043751695,-0.43277366769131714,-0.7618516734949976,0.5344527519049238,0.8922109559530463
-0.009678195828751415,-0.012638620289611841,0.009558535325102776,0.008539738552529898,0.007179760471752789,-0.002527724057922368,0.001055316037336782,-0.030271374300369636,-0.030271374300369636,0.005468391633099136,-0.3404551257958861,-0.8036086876594162,0.15465697592894076,0.45930429259685746
0.0448064715995373,0.04201342933946407,0.046219064968815546,0.042885561066439065,0.04682717493364603,0.008402685867892815,0.0009398235212792486,-0.12109312139054274,-0.14368791902264821,0.03299950307102747,-0.4738758400913577,-0.19055682259236204,0.4996983249758507,0.9642066708751594
-0.0019235192422448694,-0.016940741300809015,0.001668875555528835,0.007918513900234622,0.0073861267122220416,-0.0033881482601618032,-9.806922083448518e-05,-0.033887914085061754,-0.08584219924573377,0.004843663183468878,-0.10050883370251325,-0.08219899496400762,0.12600908037891806,0.4912671428898201
0.040475143809007796,0.008991370429525775,0.024348290209225482,0.02203570207324015,0.015960246579499012,0.0017982740859051548,-0.002651695163213217,-0.13920234651391528,-0.13920234651391528,0.017296440979756866,-0.4468873526100433,0.314901720070681,0.6254831703879817,0.8937100683022677
0.022881248386232785,0.015143829465410721,0.013855518853941613,0.010748690959822484,0.008825913575287623,0.0030287658930821444,0.00010115229403710301,-0.06153893825717183,-0.06153893825717183,0.0068601252043751695,0.049919058310480276,-0.2761316945104734,0.5972848337455524,0.8925044600717933
-0.002151044066796528,-0.005058816128583584,0.00869236150349438,0.008387468672219867,0.007187582784636273,-0.0010117632257167167,0.0005285818112724512,-0.030271374300369636,-0.030271374300369636,0.005309501331131007,-0.19198506445851754,-0.7321110137724404,0.13464321669731152,0.49706193894033723
0.02666100921730366,0.020482566034136798,0.04243312163958092,0.03955578332846036,0.04694071963791457,0.0040965132068273595,-0.0015661155116672887,-0.12109312139054274,-0.14368791902264821,0.03299950307102747,-0.7885169701368699,-0.15563882371562276,0.5000876518008229,0.9607651587368861
0.008118823642833242,-0.005164894556243544,0.00537923270236926,0.008124022029778735,0.0074747199284069515,-0.0010329789112487088,0.00023031203958407358,-0.033887914085061754,-0.08584219924573377,0.004843663183468878,-0.16786780313833652,-0.3234024072543889,0.0921322370639414,0.46610772650897975
-0.028006495141899356,-0.004148982687065327,0.027145186833211953,0.02210188593314284,0.016380803818918967,-0.0008297965374130655,-0.005010412074926867,-0.13920234651391528,-0.13920234651391528,0.016467877121849234,-0.2302830769026807,0.11002330010275788,0.6112318789702035,0.8956240170137472
-0.014584844931116784,0.014477959115346644,0.014060817128378563,0.010762529475339665,0.008821500360676257,0.0028955918230693287,-0.0012878187093491203,-0.06153893825717183,-0.06153893825717183,0.006858260463231558,0.2285462986538811,-0.19249362942831066,0.5957955022372577,0.9135117045270222
-0.0012658024812639609,-0.0005460733996167132,0.008299065460906222,0.008395987031551564,0.007070585421950889,-0.00010921467992334265,0.0004720069006563963,-0.030800772749350447,-0.030800772749350447,0.00520379726889825,-0.16948194380285844,-0.7493547301464322,0.08639821058476116,0.5750733962266956
-0.015072836647744675,0.07089965726720267,0.023553629344757604,0.03957201678557885,0.045735467085633315,0.014179931453440533,-0.0028055877449713897,-0.12109312139054274,-0.14368791902264821,0.031743223104867845,-0.6867853573122255,-0.2750570822673732,0.4909901915253863,0.9609658101817216
-0.012848235871461394,-0.015668126227340377,0.007608546008176995,0.008628547084924757,0.007592056723020526,-0.0031336252454680752,-0.0003182573834137117,-0.03698141919027864,-0.08584219924573377,0.00507744941477144,-0.13067991517153682,-0.7054269554659529,0.09715910504735958,0.5253602036540337
-0.02195152320606858,-0.03266653603476881,0.028178997446019028,0.02212228390802863,0.01664960643628897,-0.006533307206953762,-0.006598148897899678,-0.14732660114070018,-0.14732660114070018,0.015623457461900983,-0.033799495102129415,0.0524569824387045,0.6028546722516658,0.8831492248977797
-0.013846517634691108,-0.008883018299818917,0.015150644179130705,0.010704562264149028,0.009018189190208487,-0.0017766036599637836,-0.0025292317581445747,-0.06153893825717183,-0.06153893825717183,0.006761122958323388,0.43817599473773927,0.03283407020899171,0.5587146068332413,0.9158391775581386
-0.007055856057682207,-0.020837827492559913,0.003978400630722981,0.008146603421568732,0.007129920696267067,-0.004167565498511982,-0.00044782542966527537,-0.03761523378841547,-0.03761523378841547,0.004977909570122781,0.007508186099821119,-0.6689707722257975,0.05571454061080141,0.6541415793888703
-0.0713555400590586,0.0016090320990402446,0.04558310412893244,0.04237169177776322,0.045666704871058575,0.0003218064198080489,-0.0055433592909512,-0.12109312139054274,-0.14368791902264821,0.03328571679311552,-0.5893621731098313,-0.7844649451961725,0.5623608241126368,0.9577378177523747
-0.007271474731745262,-0.0167997247361973,0.007736084924381632,0.008491504054981018,0.007597018521988344,-0.0033599449472394597,-0.00018485485393032942,-0.04395858657592999,-0.08584219924573377,0.004975398723877189,-0.1365245818802891,-0.5960315229547839,0.11180047200269473,0.5224752380095253
-0.04165207852082892,-0.07312949056645007,0.03183371347602722,0.023239979173536134,0.01754865185633119,-0.014625898113290015,-0.008969323467431196,-0.18211273408505912,-0.18211273408505912,0.015989977749616153,0.10268950732848986,-0.25621753396668373,0.6122856929019431,0.8603516686301014
-0.031234257084578054,-0.03800345654460199,0.020101043024331126,0.012484786777779526,0.009909347689795598,-0.0076006913089203985,-0.003926165641300918,-0.08982348823233155,-0.08982348823233155,0.009033268539382694,-0.059964457987045916,0.27354164061356673,0.6551683508589851,0.9306800189286175
-0.023296275965999855,-0.04344717440049395,0.008872244740085581,0.009614415925736574,0.007778044379252083,-0.00868943488009879,-0.0016024839270372317,-0.059776080046886726,-0.059776080046886726,0.006768430400285749,-0.37796932364939423,-0.09888165707540959,0.14037640382529404,0.6620012659254702
-0.0361637473107013,-0.051124643200663546,0.04696355928400241,0.038620065692295695,0.04473743538695501,-0.010224928640132708,-0.003017539449478325,-0.12109312139054274,-0.17277214662047635,0.028669699950421994,-0.48354921935916734,-0.8055018837226744,0.5483833880910486,0.9762103695725417
0.0004362614008272222,-0.013488144801791063,0.007927342672246339,0.0074640806473015246,0.007578635610384625,-0.0026976289603582128,0.0007063886818109793,-0.04395858657592999,-0.08584219924573377,0.003630133326764878,0.11506189993603333,-0.8335042044470259,0.0525680675998769,0.5078602841769884
0.01740014177243509,-0.03373481128735394,0.03433119386158576,0.02390134763794022,0.01767966687341622,-0.006746962257470788,-0.00812147128154942,-0.18211273408505912,-0.18211273408505912,0.015989977749616153,0.05106272680398459,-0.5188102791319736,0.6127207388532245,0.8704777240627302
0.005442047328311453,-0.031342323935841784,0.020836996669351494,0.012617983012141398,0.009871324737006816,-0.006268464787168357,-0.003698582954790508,-0.08982348823233155,-0.08982348823233155,0.009033268539382694,-0.09753289222684307,0.14151166849065924,0.6164519403912436,0.9318487820682555
0.018949645608327445,-0.014819332963415092,0.015115367741761384,0.010596667111114472,0.008038720613486112,-0.0029638665926830184,-0.0008681828444242756,-0.059776080046886726,-0.059776080046886726,0.006768430400285749,-0.09695427734103174,-0.1988169052199944,0.18377480376397481,0.7026236013838927
0.0020287025642688103,-0.09390241223593204,0.037343046752761774,0.03679648978955163,0.04472387249628371,-0.018780482447186407,-0.0052830832025712446,-0.12109312139054274,-0.17277214662047635,0.028669699950421994,-0.50329519021848,-0.6596763944645319,0.5629277311936434,0.9733107574540961
-0.010091524961743124,-0.021656150521289316,0.008545440832832122,0.007560785966116709,0.007584178536700346,-0.004331230104257863,-0.0002535076382907568,-0.05314499841778575,-0.08584219924573377,0.003714059295361843,0.28575060765603605,-0.7327000433663866,0.06680223797651487,0.5196693915508241
-0.008813138295206286,-0.08302309339156803,0.022377434612547605,0.02288395233173469,0.01768532277781157,-0.016604618678313608,-0.009622188256483002,-0.18211273408505912,-0.18211273408505912,0.015820493272602803,0.15407404602605762,-0.1250424154400869,0.5717152549153309,0.8593901285946451
-0.007439923931483168,-0.06166349625355774,0.01327133716968056,0.012360941487306116,0.009896089473929507,-0.012332699250711548,-0.004444366326026797,-0.09164009330930845,-0.09164009330930845,0.008720725896890037,0.05280047890913174,0.3954572408096251,0.613021560406607,0.9290028199184576
0.0014436207197226567,-0.011224668176895908,0.01524859263046645,0.010605222617461519,0.0079892998876213,-0.0022449336353791817,-0.000820651196684527,-0.059776080046886726,-0.059776080046886726,0.006768430400285749,-0.11117751478456941,-0.20714279917238326,0.17989463011580678,0.6980965091399695
0.06127456323641298,-0.05928885821682272,0.04919927365688012,0.03775532303428028,0.04490289598010339,-0.011857771643364544,0.0004961996015883215,-0.12109312139054274,-0.17277214662047635,0.029395263877678497,-0.5319156233536039,-0.24041564306104768,0.5741989109977176,0.9745194233163323
0.0006206827902850581,-0.0291542913738375,0.006131301164322529,0.00755504034948843,0.007572389451302558,-0.0058308582747675,-0.00013663447656927946,-0.05314499841778575,-0.08584219924573377,0.0036317863901874415,0.2353489892004946,-0.7442019875460718,0.07481596190342517,0.5141794513319996
0.03303345151976283,-0.021983146729905846,0.029965640856495772,0.024019639125753233,0.018174497701533517,-0.004396629345981169,-0.006280957702716005,-0.18211273408505912,-0.18211273408505912,0.01611082415986932,0.05350200794835045,-0.27862477441600564,0.5927066759765293,0.8623584465115572
0.023922885867619093,-0.023155765454821862,0.020720399289942185,0.013896839266081668,0.010372079781856483,-0.004631153090964372,-0.0031108533624704593,-0.09164009330930845,-0.09164009330930845,0.008782192063653806,0.21355947759103286,0.0007155007782846826,0.7236681281003451,0.9444972405323463
0.01723339212195845,0.0072745264263265035,0.01760739010428638,0.011090298709847754,0.00823312168156645,0.0014549052852653008,0.0005519271691580817,-0.059776080046886726,-0.059776080046886726,0.007050005633450689,-0.2241122089824856,-0.27229533595553507,0.2294571734832883,0.7164681895217332
-0.052374222760291675,-0.09659024432936972,0.0525243791024768,0.039397399672228,0.045401126993191876,-0.019318048865873943,-0.002800709559202295,-0.12109312139054274,-0.17277214662047635,0.028519031470176814,-0.33197440004613465,-0.7185456728099747,0.5597576400365653,0.9794219044391445
0.0010851775726252884,-0.015220877929750817,0.005247174890775997,0.007375171662119299,0.007574508649282613,-0.0030441755859501635,-0.0004318238364177934,-0.05314499841778575,-0.08584219924573377,0.0036317863901874415,0.33400701103594005,-0.4714325340077467,0.08075553876352266,0.44630002027462523
0.008938657445015768,0.008907033921178505,0.028594463847875482,0.024066256927859152,0.018133267264431683,0.001781406784235701,-0.006207247826035698,-0.18211273408505912,-0.18211273408505912,0.01611082415986932,0.04687746340561342,-0.3007346686948281,0.5965820189324886,0.8668706695258992
0.003492637903786594,-0.005816609916344161,0.020237857843863213,0.013971608174805155,0.010342840337813582,-0.0011633219832688322,-0.002864355188469849,-0.09164009330930845,-0.09164009330930845,0.00866861109375933,0.15740724952736265,-0.08714974667240727,0.7374371958876127,0.9540869107394505
0.006288789248608568,0.020619171732617278,0.016995574490160693,0.011146381278292476,0.008233124636048418,0.004123834346523456,0.0006901538032294124,-0.059776080046886726,-0.059776080046886726,0.007050005633450689,-0.2552212054400794,-0.31847405227782066,0.2329072448519197,0.7615656158767719
0.06445804772875323,0.03922334345844211,0.0539831208476196,0.04192730606003013,0.045094950523985836,0.007844668691688423,-0.0005728233876920938,-0.12109312139054274,-0.17277214662047635,0.028519031470176814,-0.22060147624014687,-0.8333296886945097,0.5854432570030604,0.9817679476009351
0.0006037384327693484,-0.007345664765236208,0.004826095717041407,0.006451255087154927,0.007376481093061418,-0.0014691329530472415,-0.0011443014621384455,-0.05314499841778575,-0.08584219924573377,0.0036317863901874415,0.09117892836139725,-0.6265351041098484,-0.003868455358767895,0.3977122790455271
0.00866107607603981,0.05922018851804723,0.015208163512662179,0.02423997056644224,0.017992547306700163,0.011844037703609447,-0.005848048401739233,-0.18211273408505912,-0.18211273408505912,0.01611082415986932,0.00811069961156133,-0.38548083731911637,0.6003783728735531,0.8574982249295979
0.0047258245173043565,0.03014347168553825,0.011292464028157412,0.014035887866063445,0.010196359766956792,0.00602869433710765,-0.0027247153954505143,-0.09164009330930845,-0.09164009330930845,0.00866861109375933,0.12900359235035236,-0.15191893169659512,0.7188963577805242,0.950344881059134
-0.0032838561690833566,0.04063159152953378,0.009725099601043482,0.010925574495279183,0.008241517198744348,0.008126318305906755,-5.331066642821079e-06,-0.059776080046886726,-0.059776080046886726,0.006829886903065983,-0.10531501899030211,-0.1647709537116576,0.2430833872904907,0.7315909260020121
0.006023298555192784,0.0814103893243362,0.048392501196340656,0.040823695422941134,0.044956875940136344,0.01628207786486724,-0.0023154243952891933,-0.12109312139054274,-0.17277214662047635,0.028519031470176814,-0.15756038846855358,-0.6536056456748114,0.600112275499292,0.9802352990147347
-0.0007302501666656763,-0.008512176332729106,0.004738355984964538,0.006419293427802495,0.007163370844650362,-0.0017024352665458212,-0.0012624182461680193,-0.05314499841778575,-0.08584219924573377,0.0038350684357724295,0.149173581026788,-0.5598437228731574,-0.008363678632204887,0.39782240213088255
0.027514116923355217,0.06933416366896736,0.016728535062657743,0.025357266862444928,0.01830520645265223,0.013866832733793471,-0.0041288887894348585,-0.18211273408505912,-0.18211273408505912,0.016228773521117245,-0.08608104169025643,-0.698237652656485,0.6273154061002114,0.8597612606527952
0.011933004970899759,0.03663442932812656,0.011577663823422261,0.014158380483763874,0.01030594591447012,0.007326885865625311,-0.0026020126324446313,-0.09164009330930845,-0.09164009330930845,0.00866861109375933,0.12423456574032138,-0.23045798980921642,0.7016992351245565,0.9583155663646475
0.004363450745304118,0.02604539666651045,0.007628459727686795,0.010674194684521935,0.008239760953490358,0.00520907933330209,-0.0003347981168765432,-0.059776080046886726,-0.059776080046886726,0.006829886903065983,-0.06927390545218877,0.0678885428451002,0.22908896666032916,0.7227032386066357
0.0028151734175383327,0.08219686017760572,0.04833583502124613,0.03801022328787034,0.0449585191726404,0.016439372035521142,0.0011058954124011366,-0.12109312139054274,-0.17277214662047635,0.027737002338918234,-0.22590599065963968,-0.2214260270441542,0.6115391227932842,0.9766788920769137
0.0053174372356179014,0.006896785864631918,0.0023034013216125175,0.0065315347394438355,0.007212963322346549,0.0013793571729263836,-0.0011291322300946407,-0.05314499841778575,-0.08584219924573377,0.0038350684357724295,0.12078452049352094,-0.7099455189435925,-0.019699606383206527,0.4077580928232844
-0.0024348167171138585,0.07571248524705979,0.014685040288364594,0.02380237128282642,0.018303138551480903,0.015142497049411957,-0.002186922933611688,-0.18211273408505912,-0.18211273408505912,0.01593676235690331,-0.15439217665873753,-0.3010214091110106,0.600007337912496,0.8341735130374679
-0.0020179543341195074,0.04205639892549022,0.0099944611453615,0.01376378434079745,0.010106434013834804,0.008411279785098045,-0.001867655297379141,-0.09164009330930845,-0.09164009330930845,0.008943997627863716,0.02011995547827914,0.05722096638461192,0.68638153415948,0.9559333391764565
0.010202011692238479,0.03480378763902627,0.007552853827405281,0.010687306968941632,0.008271890874280725,0.006960757527805254,-0.0003220082701538542,-0.059776080046886726,-0.059776080046886726,0.006829886903065983,-0.0690250045651253,0.05700574742546385,0.23556444167009075,0.7153901547396359
0.0007437925324887296,0.02166608947368147,0.04137865933762767,0.037995938523544395,0.04494152846032632,0.004333217894736294,0.0013109443048729282,-0.12109312139054274,-0.17277214662047635,0.027718690228400084,-0.2440550043709684,-0.21017958329878605,0.6108650558649279,0.9779177086795381
-0.0036739088397062646,0.0026021942346405955,0.003259364881211486,0.006022835468747263,0.007198531411205564,0.0005204388469281191,-0.0018013048799056478,-0.05314499841778575,-0.08584219924573377,0.0037081566070579835,0.17676026330261557,-0.40362065564753186,-0.05503391169910257,0.34712360636867756
0.01901842733245933,0.06169746105975629,0.011382596762034363,0.024265774640890216,0.018390904261204138,0.01233949221195126,-0.0010677052292582217,-0.18211273408505912,-0.18211273408505912,0.01589917184323943,-0.2605408065505053,-0.45740398082585565,0.6244214202699927,0.8407976707997649
0.017957312694923563,0.03609082575279469,0.007793526524381851,0.01436241782857707,0.010358609640923522,0.007218165150558937,-0.0005636977427228466,-0.09164009330930845,-0.09164009330930845,0.009345745865634785,-0.12717002967183766,-0.25720637502443877,0.690461012904129,0.9627103291671223
0.005800658844497467,0.023371054361565287,0.00494620392735452,0.010061649123567145,0.008025117763808402,0.0046742108723130575,0.0007894705768721623,-0.059776080046886726,-0.059776080046886726,0.006470604693951883,-0.19943962388163552,0.5820921801324441,0.20693109530620346,0.7271103593649186
0.006226706852407609,0.08026701908638076,0.027156083475036327,0.03800397655960866,0.0449501770856685,0.01605340381727615,0.0013802259783298777,-0.12109312139054274,-0.17277214662047635,0.027718690228400084,-0.24989720277172212,-0.21075661883198532,0.6116704854820065,0.977825485356757
0.008454919009675937,0.009971935671691244,0.004854592299319252,0.005903461814930134,0.007272318771507024,0.0019943871343382487,-0.001863305123748883,-0.05314499841778575,-0.08584219924573377,0.0037081566070579835,0.0974959536303478,-0.5188339394630666,-0.029801971294040237,0.38683021184152777
0.0053218098772867956,0.05808061349202731,0.01176137648365326,0.02411702124955478,0.018389368010837494,0.011616122698405461,-0.00011679040762008216,-0.18211273408505912,-0.18211273408505912,0.016675790572076254,-0.3874096106494938,-0.32306789147326587,0.6281031301830742,0.8414361585150878
0.011249214387007989,0.04384740223601608,0.007636968175873107,0.014245272520717165,0.010452209796045041,0.008769480447203217,0.0006829511087562554,-0.09164009330930845,-0.09164009330930845,0.009799127466263869,-0.3437924910260923,-0.0802224993090054,0.6756112431919966,0.9616830877972447
0.0006009401176702549,0.017683205230626976,0.005132593859932648,0.009998355355026767,0.0079422501396909,0.0035366410461253953,0.0010203224562754525,-0.059776080046886726,-0.059776080046886726,0.0067745757164141265,-0.2737362283490583,0.710429623898912,0.2000042601359567,0.7652542841629033
0.01793275073476653,0.03374172209239405,0.006659827688765975,0.03784356168352668,0.04405509327190534,0.0067483444184788105,0.003250891832570403,-0.12109312139054274,-0.17277214662047635,0.029360107011869477,-0.40331278472312443,-0.07960909490579372,0.6056828694933828,0.9770406527203679
0.006689295571183321,0.01605749281010522,0.0051713084865593366,0.0059761778855675395,0.007320700497728078,0.0032114985620210435,-0.00181211096714418,-0.05314499841778575,-0.08584219924573377,0.0037081566070579835,0.11990960599084964,-0.5477902306959075,-0.0044043197072227884,0.4385791251532733
0.015267583374509165,0.06468712079049667,0.011717418486517828,0.023919474684765123,0.0184731422509512,0.012937424158099333,-0.00036703961128943996,-0.18211273408505912,-0.18211273408505912,0.016675790572076254,-0.38287424454976676,-0.26197051889952744,0.6234438102785527,0.8297953598406673
0.008994260521210195,0.048115838239921924,0.007303228657511191,0.014286135307994299,0.010414608978932875,0.009623167647984385,0.0007563967362760722,-0.09164009330930845,-0.09164009330930845,0.009799127466263869,-0.3528978878525687,-0.10640724231366329,0.6755261100932916,0.9614557951853828
0.007737492672141642,0.028704554071851976,0.003612756045916052,0.010011891872230673,0.00795188808779291,0.005740910814370395,0.0010400874264557118,-0.059776080046886726,-0.059776080046886726,0.0067745757164141265,-0.2762698214093048,0.6933093059559808,0.20649279422760144,0.7658653837209863
-0.04298255602319769,-0.015264132485996423,0.023290208404073028,0.03916239509265839,0.04358536214908155,-0.0030528264971992846,0.0005465875363719598,-0.12109312139054274,-0.17277214662047635,0.027334528468674426,-0.23005124152603942,-0.5002082573261586,0.5856493202343258,0.9796833831356043
0.011397387471231191,0.028185130448002083,0.005679463027242143,0.006425200655261122,0.0073846634782385135,0.005637026089600416,-0.0008039270212227319,-0.05314499841778575,-0.08584219924573377,0.003748720076672137,0.15123891854335159,-0.4298471785372425,0.04096961652673219,0.3686247190637717
-0.005443898759501785,0.03172910510763967,0.01069273684132054,0.023943178477624533,0.01846566157954543,0.006345821021527934,-0.0006931853383016236,-0.18211273408505912,-0.18211273408505912,0.016490760072850427,-0.33690013855676426,-0.29898795470318074,0.614942575062077,0.8329944585735922
-0.0002200459915766777,0.035962787277445486,0.008297029167900538,0.01428484788536096,0.010288575046820191,0.007192557455489097,0.0007717540194011999,-0.09164009330930845,-0.09164009330930845,0.0098342727368905,-0.35655314538814814,-0.10328813893272537,0.6757266525184774,0.961461084206841
0.00039071456646884304,0.0247318178930167,0.004352548164267524,0.00998577205012846,0.00783561509635814,0.004946363578603339,0.001165963065325007,-0.059776080046886726,-0.059776080046886726,0.006997779514975978,-0.31861483979558897,0.7555746443696787,0.20345056835830422,0.7702441119245252
0.0037734904610635515,-0.014305815442471207,0.023354425361827785,0.03916624482791337,0.04358314374006973,-0.0028611630884942413,0.0008001030919333173,-0.12109312139054274,-0.17277214662047635,0.025382891279897346,-0.2515209499070335,-0.4937005223880908,0.5865033423978974,0.9827979086336448
0.001717209522984783,0.024584902735368966,0.005951800107425573,0.006262746896956836,0.007368185228304138,0.004916980547073793,-0.0003557601611048716,-0.05314499841778575,-0.08584219924573377,0.0038952402342399845,-0.008181278380903953,-0.2127535431197973,0.06150393540323007,0.3211781843831289
-0.0007323760732013899,0.03343154575155214,0.010365328007548765,0.020988491555021783,0.018382891690257815,0.006686309150310428,0.0017556154018284775,-0.18211273408505912,-0.18211273408505912,0.013571631654099895,-0.14609996240398282,-0.2285036032037302,0.5284756161341075,0.8091895582638391
0.002714568315163992,0.040695309926728984,0.007178131324396401,0.013579688152865936,0.010267599843206864,0.008139061985345798,0.0018116021032036245,-0.09164009330930845,-0.09164009330930845,0.010037376966311566,-0.5141172610262259,0.5457066335367411,0.6714285544676537,0.9605482001362754
0.0025647582414980155,0.017094564442276236,0.00324666678773311,0.009652526966576798,0.007760993743800238,0.0034189128884552474,0.001780743388791147,-0.059776080046886726,-0.059776080046886726,0.007399922309778173,-0.4810594414895566,1.380762629034369,0.20968027156211286,0.7653566036341776
0.04403256800075812,0.02898296002579818,0.031594934048270094,0.03891157395543472,0.042974610550733344,0.005796592005159636,0.0005921378658396762,-0.12109312139054274,-0.17277214662047635,0.025382891279897346,-0.26412385087676155,-0.46927091304253304,0.5763288380716353,0.9835872626233608
-0.0024002658294287006,0.025858545745646527,0.005502498951613418,0.006234119486613382,0.007314916993524868,0.005171709149129305,-0.00029292229748969524,-0.05314499841778575,-0.08584219924573377,0.0039685470652366045,-0.03527335322617139,-0.15515507425961297,0.06209085369686971,0.3216481668974251
-0.021789553300348413,-0.007376434881255608,0.01374313870265024,0.021331363424498262,0.018532746259149847,-0.0014752869762511215,0.0014094448380764695,-0.18211273408505912,-0.18211273408505912,0.013755915812661359,-0.13604212603181168,-0.368768710825847,0.5499572980325309,0.8218118485702587
-0.012706355065087507,0.010031642166717914,0.009436412694348242,0.013508276588562882,0.010320262930231713,0.0020063284333435827,0.0018722330790018845,-0.09164009330930845,-0.09164009330930845,0.009980460091454531,-0.517522723777838,0.6076203717203037,0.685033910771378,0.9609472871312502
0.0025984242251109466,0.013892329822889717,0.0029628114797566212,0.009487585619751245,0.0077053814422487436,0.0027784659645779435,0.0021995918605582357,-0.059776080046886726,-0.059776080046886726,0.007983784581092989,-0.6242288982151959,1.8229272662342926,0.2052044011392952,0.7666553150838532
-0.04096196396887869,-0.018205710795488116,0.03786087313202661,0.03706177210618023,0.04330365797609945,-0.003641142159097623,0.0018185360614362683,-0.12109312139054274,-0.17277214662047635,0.022983908511540096,-0.1669556074196447,-0.40663350058365655,0.538340730779419,0.9809603021131323
0.012169180616689569,0.02957280735266016,0.006255716804329645,0.00680162736160441,0.007495338334274394,0.005914561470532032,0.00043278694336301124,-0.05314499841778575,-0.08584219924573377,0.004088618931054799,-0.022930444409188237,-0.41925312170484874,0.08636845756687057,0.286824762117627
0.019605573709412526,0.006907328950870123,0.01668002117332834,0.021693464325628506,0.018672988703136814,0.0013814657901740246,0.002061422016465351,-0.18211273408505912,-0.18211273408505912,0.013755915812661359,-0.19582959626601207,-0.5180391444452358,0.5664502196682323,0.8283358387101283
0.011422943606309865,0.01020537138601979,0.009479177210433282,0.013571695621021177,0.010333202178368639,0.002041074277203958,0.001967657270293655,-0.09164009330930845,-0.09164009330930845,0.009980460091454531,-0.5238003136554257,0.5588954771134433,0.680041932507727,0.9503660988128442
0.0010301502522722936,0.014321539957491755,0.0028892538918518923,0.009125989096203312,0.007594085601939956,0.0028643079914983513,0.001589304471408801,-0.059776080046886726,-0.059776080046886726,0.007983784581092989,-0.5816974392551316,2.341077241093353,0.17266176219109022,0.7611709865141356
-0.0008660604878684006,-0.03700452201812304,0.03607413207648548,0.0370561296059581,0.043264569738199546,-0.007400904403624608,0.0018784787815876573,-0.11989923926565316,-0.17277214662047635,0.02329246358211636,-0.17237888227068915,-0.40337554229005573,0.5392497615719535,0.9813603194934764
0.007685056844413653,0.030568568625890493,0.006302223888903432,0.0068010047224513585,0.007490195588244959,0.006113713725178099,0.001124033596728111,-0.05314499841778575,-0.08584219924573377,0.004358790528213386,-0.23926649305343078,-0.3527844969344641,0.0836332534334896,0.30054921828484166
-0.007841275727798297,-0.01620153015143734,0.014986020578442567,0.021796675641797637,0.018511975673286756,-0.003240306030287468,0.0017288144295328188,-0.18211273408505912,-0.18211273408505912,0.01313932667183795,-0.1474815346328926,-0.5848531683236261,0.5749022744582655,0.8290971928635471
0.0002372333395018075,0.0014483442043114025,0.008645651226478656,0.013544637831976566,0.010256023883415276,0.0002896688408622805,0.0020852098792584943,-0.09164009330930845,-0.09164009330930845,0.010251952821504498,-0.5543980019911602,0.614318618322044,0.6785051108543803,0.9526979313134873
0.0094223912032515,0.016006438488601612,0.003608458884167867,0.009272074523896117,0.007559774321444273,0.003201287697720322,0.002094770484474667,-0.059776080046886726,-0.059776080046886726,0.008236712223284894,-0.7004150657427455,2.1798733551366194,0.1761158419533566,0.7655358119335669
0.05976794747049377,0.06574598147556841,0.03981029878296583,0.039156922186324356,0.04317108074773592,0.013149196295113682,0.004038379755662221,-0.11989923926565316,-0.17277214662047635,0.02329246358211636,-0.14428509226692876,-0.6661699562275842,0.539702527606684,0.9835925695699395
0.0028466799518672655,0.02201786110652657,0.005634835520854672,0.006744023744770809,0.007499518156346541,0.004403572221305314,0.001410133521000425,-0.05314499841778575,-0.08584219924573377,0.0045948146399110755,-0.3737104851869242,-0.18883778335510382,0.11991969663111123,0.3566946477876403
0.0036937669093859795,-0.0070638644825495745,0.015205668441005871,0.021069903046778096,0.018508198265578327,-0.001412772896509915,0.0030132296503351695,-0.18211273408505912,-0.18211273408505912,0.013760104938265034,-0.2832192866502972,-0.2170567215718882,0.5877568869223762,0.8160022142366421
0.0020547014849298184,0.0037230916808178986,0.008671934275689144,0.013522366941399461,0.010252073252849483,0.0007446183361635797,0.0022488992175274227,-0.09164009330930845,-0.09164009330930845,0.010321548729558275,-0.5966408227521873,0.6759719711696974,0.7029264815861583,0.9536132954349205
0.005097086745039207,0.02071281066717198,0.0032919844683707974,0.008864333239734897,0.007511405279636353,0.004142562133434396,0.0028335346131641978,-0.059776080046886726,-0.059776080046886726,0.009150574079841432,-0.940790074071276,3.4133280682363276,0.17816634608527218,0.7629276504507565
0.01053620308234793,0.07250869409685279,0.03952599326392617,0.03801210913518115,0.04198215273669291,0.014501738819370558,0.0023248663298027525,-0.11989923926565316,-0.17277214662047635,0.02329246358211636,-0.0792022454007213,-0.43400741021142825,0.5663602084134719,0.9867807655005716
0.0009767810979982093,0.021277432681539997,0.005731975911360868,0.00669960421299201,0.007497626860365705,0.004255486536307999,0.0015551485380125788,-0.05314499841778575,-0.08584219924573377,0.004716411366133466,-0.4461671702827651,-0.05966277914327116,0.10790755884063837,0.35388242824694666
-0.011027289821961762,-0.017358778231309945,0.015776789573650245,0.019325455825953224,0.018471109131045948,-0.003471755646261989,0.0004381079687866914,-0.18211273408505912,-0.18211273408505912,0.013046879008544615,-0.3685139958576287,-0.23434436912154136,0.634224847274481,0.7557757652618521
-0.010311291355915346,-0.009302767990261439,0.009813608007417554,0.012878401066482402,0.010345243796735838,-0.0018605535980522878,0.0005892722304200162,-0.09164009330930845,-0.09164009330930845,0.009568893797390782,-0.5533494674835839,0.6843773819044395,0.6815265845817894,0.9654434793962758
-0.0026853578338365343,0.015462694591837427,0.004526779461082914,0.008880936255115492,0.007529787167203617,0.0030925389183674855,0.0028068189248121973,-0.059776080046886726,-0.059776080046886726,0.009076617568742609,-0.9291903342148007,3.351200498575323,0.16221756458221182,0.7555693274633796
-0.058771376565603536,-0.030295250469508865,0.04645526325508895,0.03988737882131004,0.0426688834942533,-0.006059050093901773,-0.0019467529593426073,-0.11989923926565316,-0.17277214662047635,0.022884052388679688,0.06642426691723845,-0.6499152026047311,0.5529285570995144,0.9902590760957113
-0.008464050317335315,0.015213648193633378,0.007771033926507312,0.006868548322019751,0.007512444335904427,0.003042729638726676,0.0007260048400041509,-0.05314499841778575,-0.08584219924573377,0.004391969622472545,-0.24214940137058677,-0.3875005244421652,0.22825121316816585,0.5220204597138548
-0.010479918169622099,-0.006049143100583632,0.013073058352052703,0.018339977068161047,0.018529165812001477,-0.0012098286201167262,0.0013144368174005544,-0.18211273408505912,-0.18211273408505912,0.012254049332153072,-0.384732501903262,0.19841915522288447,0.6010215588826741,0.7211169892677555
-0.0009582474827790063,0.0024453395920470623,0.007758974626250832,0.012384344625551432,0.010337969859523037,0.0004890679184094125,0.0012706021028369052,-0.09164009330930845,-0.09164009330930845,0.010145923224031073,-0.6983745259389624,1.4018794951548237,0.6653389173597605,0.954705067016507
0.006430168641123347,0.01929443900784983,0.004741468626368084,0.008861895264958257,0.007545293580834043,0.003858887801569966,0.0031916174809315636,-0.059776080046886726,-0.059776080046886726,0.009672751975346155,-1.0703542022439074,3.623524971525034,0.22885360081644412,0.7166717591842345
0.04798488995039373,0.058651603449763556,0.046777642711338455,0.04126366940462108,0.0431110270821355,0.011730320689952712,0.001206133370564313,-0.11989923926565316,-0.17277214662047635,0.022233348481871845,-0.08972037176763682,-0.8766398549546598,0.5514288114775819,0.9893345523958265
-0.013799617785345655,-0.010755150208401846,0.008761460128862626,0.006970051009291745,0.007671469694245378,-0.002151030041680369,0.0006784357443099379,-0.05314499841778575,-0.08584219924573377,0.004629559289451442,-0.3063129356223886,-0.25441299884768176,0.11811633431668418,0.6644996235272735
0.009327554093325715,-0.016327162716670444,0.00922289734259726,0.01756900161495836,0.018139840616439196,-0.003265432543334089,0.002878390682370269,-0.18211273408505912,-0.18211273408505912,0.012583117325948192,-0.5938315184622588,0.8757656207638168,0.6080625416419605,0.748738880691319
0.0027362265694825046,-0.006241377444780299,0.005272926674823664,0.011863121138827645,0.010190648158819881,-0.0012482754889560597,0.0020997393130455858,-0.09164009330930845,-0.09164009330930845,0.0108185770381948,-0.9067848534220988,2.4116096542216274,0.6503213925513929,0.950722484946254
0.008384445529869188,0.026648734285446722,0.004785077945098617,0.008590585941722297,0.0075976717643965125,0.005329746857089345,0.003963632560309132,-0.059776080046886726,-0.059776080046886726,0.01173076505487492,-1.3632312526517656,4.974277808537324,0.41051405809492275,0.8423772695981852
0.006031750879299744,0.0655494148169317,0.046413576540967665,0.03756381821257332,0.04311572903491864,0.013109882963386341,0.00507549791748223,-0.11989923926565316,-0.17277214662047635,0.020254084923911852,-0.04192345506506933,-0.7342437865645842,0.4543615739654685,0.9885757716983558
0.004633129616176061,-0.013807077436639437,0.007975996793971936,0.006760579067300857,0.007697698703422922,-0.0027614154873278874,0.001273665961706004,-0.05314499841778575,-0.08584219924573377,0.005062041946774838,-0.5231596656866768,0.20601139410674502,0.08861026396502314,0.6087640772041136
-0.06311007767276709,-0.05732861032632916,0.04803536705517838,0.039551472439835395,0.04389853564803377,-0.011465722065265832,0.0037281813993789415,-0.11811196428384807,-0.17277214662047635,0.022451106275363612,-0.15566496218446607,-0.7400340633132392,0.505967440959056,0.991383383732656
-0.00835644271376225,-0.025010200102268954,0.0075699686780559845,0.007095496427867456,0.007637985790701354,-0.005002040020453791,0.0008340307559765305,-0.05314499841778575,-0.08584219924573377,0.00467246056345378,-0.3918135352476779,-0.3590918667014937,0.12436364202936079,0.5267529417418646
-0.050798277276716,-0.05928416426558815,0.02350329515595947,0.01886066065334292,0.019301357117308463,-0.01185683285311763,0.0024210807445759147,-0.16775684465173024,-0.18211273408505912,0.015325403289778631,-0.9774815907791728,2.157284617152013,0.6548611756167215,0.7941591386331508
-0.021340440466900392,-0.0278190512511825,0.010241877007105136,0.010531485504883059,0.010558704602810933,-0.0055638102502365,0.0025944301439294686,-0.09164009330930845,-0.09164009330930845,0.007654271288804978,-0.24319381450941305,0.6024772087386808,0.583993443225783,0.9449675733346286
-0.0041710467063795454,0.013055296375815675,0.005660099679191982,0.006099813818632963,0.007628469670408522,0.002611059275163135,0.004919894023290148,-0.04178928652505831,-0.059776080046886726,0.0007475045967260271,0.7457890535603804,0.5855208916896223,0.1354907439284656,0.6125260041813827
0.04345064144650064,-0.024414171962176448,0.05372298431093674,0.04053020785321288,0.04307189086116339,-0.00488283439243529,0.005799278343490533,-0.11022782679594567,-0.17277214662047635,0.022451106275363612,-0.2600909780896804,-0.8899709115851722,0.4415455537551461,0.9912143178814583
0.0007632468397876565,-0.025223734360479505,0.0075282935381388695,0.006614661787424825,0.007174185910337543,-0.005044746872095901,0.0013767693460530694,-0.052557119389083584,-0.08584219924573377,0.004863316488714956,-0.49425086436221394,0.278592449841879,0.05767520190207753,0.48824189569237014
-0.005876078742853855,-0.06885400991782799,0.022278080092014846,0.018604112943025733,0.019310993773855062,-0.013770801983565598,0.0012572697188114677,-0.1543030114322439,-0.18211273408505912,0.014636500400359749,-0.8453820645596329,2.156998914569922,0.6980752852504051,0.7938275807444019
0.0015702741415732206,-0.028303478594539095,0.010153702324707393,0.010511953076979046,0.010362597074146811,-0.005660695718907819,0.002400841484592557,-0.09164009330930845,-0.09164009330930845,0.007654271288804978,-0.18437443833774023,0.6133929023744383,0.6168230746019495,0.9324125271004011
0.005013544531348646,0.012971754162125117,0.005651042392304127,0.005131999400234521,0.0076096246073469225,0.0025943508324250235,0.004223088969441209,-0.04040499472947645,-0.059776080046886726,0.0007475045967260271,0.5130125721448608,0.8500021146918968,0.05511020316384427,0.485595413344355
-0.008111559033291993,0.026245645570135097,0.04510488453556982,0.038447872905545896,0.04306452486070877,0.0052491291140270195,0.0023299722300052844,-0.11022782679594567,-0.17277214662047635,0.024407081105333205,-0.18147617137330607,-0.727631050546826,0.4462374608694198,0.9887595174307507
-0.002312707019706693,-0.019072391062850882,0.0073298263147378575,0.006664641937170582,0.0071315186727843516,-0.0038144782125701764,0.001230099855553482,-0.05164840275709437,-0.08584219924573377,0.004680850068189446,-0.4196808400375485,0.12249808378947039,0.06370050234900003,0.49272047762096777
0.007491967043664283,-0.05033475305220194,0.0242962822418285,0.018496532903704222,0.01932566591873012,-0.010066950610440387,0.0020725249857549964,-0.12590018195276464,-0.18211273408505912,0.015462642606234134,-0.9955618346721611,2.4860836452773443,0.7188820686458103,0.8152860732489061
0.004097539127004097,-0.013894648111619654,0.010541144529259945,0.010256973131494521,0.01034246475837967,-0.0027789296223239305,0.0029777146375169206,-0.06964748850971147,-0.09164009330930845,0.008382421224085857,-0.33424059185860117,1.0476362338768277,0.5907592460880812,0.9251075853321087
-0.010928801600416446,0.004728310395545204,0.008202843646766484,0.006132791248356727,0.007769910486077328,0.0009456620791090407,0.0036044678534342526,-0.02372460066306603,-0.059776080046886726,0.0038233862142681065,-0.23842324789466482,1.0988373127182105,0.13005854288414456,0.5603161473048915
-0.054001958672785795,-0.07574120305304444,0.043993991428115324,0.03857129059270403,0.04226826877473865,-0.015148240610608887,0.0022485854343805784,-0.08288984604279559,-0.17277214662047635,0.024572178652467254,-0.18804593254994154,-0.7290699758428573,0.3862314130779599,0.9869510773499315
5.896353811594133e-05,-0.005213809739389287,0.004790456623988093,0.006669764822283604,0.007121289194183297,-0.0010427619478778573,0.0011787891538280145,-0.05164840275709437,-0.08584219924573377,0.004680850068189446,-0.3933865644826119,0.09588875024142174,0.0663602769446197,0.4748984244063858
-0.0299711884334643,-0.06982602331604414,0.025890459347553563,0.018310270665114762,0.019601391624851337,-0.013965204663208827,-0.00107770701190636,-0.11805187871569511,-0.18211273408505912,0.015541793716869584,-1.0429656242145013,1.6903934999087942,0.7207333808256162,0.818079109809695
-0.019415080152435843,-0.03235148078127649,0.012745377578902189,0.01017668272466828,0.01065218588301895,-0.006470296156255298,0.0008108163365141737,-0.06639242299050596,-0.09164009330930845,0.008798412380868611,-0.7540392852663035,0.42168517932830824,0.5798748606616869,0.9244638651404039
-0.009116061262215477,-0.01081791950779362,0.008543535379166408,0.0058757353000337175,0.007801751233067597,-0.002163583901558724,0.0022869951842255567,-0.02078654630329757,-0.059776080046886726,0.003731803485211647,-0.8336875027397012,0.11975807800252669,0.09392360977694718,0.6213375926507143
-0.001589059530936212,-0.011435998886501559,0.0036101754497224366,0.006697679793745327,0.007108912369340397,-0.002287199777300312,0.0010691492556427367,-0.05164840275709437,-0.08584219924573377,0.004568255346503925,-0.33800726891272304,0.008220113427709482,0.08968841619713137,0.48802024242366054
0.013319212222703053,-0.0658343651866668,0.0268326464791448,0.01846196443939958,0.019355706973474007,-0.01316687303733336,-0.0008586792730219956,-0.10424818154949655,-0.18211273408505912,0.015541793716869584,-1.038622392321093,1.6008036342181402,0.6910045632439241,0.8242870588007132
0.008316397791332223,-0.02677130955942677,0.013941280371097495,0.010300001807297392,0.01067733169614272,-0.005354261911885354,0.0010520043308914553,-0.06196991564752419,-0.09164009330930845,0.008798412380868611,-0.7837522164763918,0.34157761082465493,0.5822440154194195,0.909190168177197
0.009087892960786745,-0.010114472076876064,0.008763615494478941,0.00600792085394953,0.007782689433315209,-0.002022894415375213,0.0024269503698344658,-0.02078654630329757,-0.059776080046886726,0.003731803485211647,-0.7899822810154595,-0.0009290974402384426,0.10034245495350065,0.5631399919512227
-0.011821485572892471,-0.09359443950523665,0.04254589514957092,0.03576543909603268,0.042290308283101534,-0.01871888790104733,-0.001565391230701707,-0.09366762033127984,-0.17277214662047635,0.024613886693807215,-0.19028530851032957,-0.5915148603163553,0.29908767640380346,0.9850325161958318
-0.013123318575687883,-0.016202874748427194,0.005660711236352903,0.0074084882874633825,0.007302991427733127,-0.0032405749496854388,0.0004494958351916262,-0.05008847843889841,-0.08584219924573377,0.004935765722360441,-0.38056633809377133,-0.41178778076282746,0.1364880262888789,0.4794531882459035
0.00664732935853412,-0.008388758551416676,0.017294826939848535,0.018412738944246308,0.019362443887745627,-0.001677751710283335,-0.0009593666088972802,-0.09863139145121502,-0.18211273408505912,0.015541793716869584,-1.0328672457873795,1.624669456565068,0.6724663004293122,0.833021633929121
0.007772125742670965,0.0023412566501445865,0.01145287124857478,0.010379407210650175,0.010716366336905501,0.0004682513300289173,0.0012043193921597857,-0.042683307022001626,-0.09164009330930845,0.008798412380868611,-0.801542918335422,0.2920834895249617,0.6111571927843537,0.8960090859074898
-0.011866161442779022,-0.01780958681327554,0.009844239628920596,0.006703510794750884,0.007969106604158319,-0.0035619173626551077,0.001997835106149682,-0.022564653838750393,-0.059776080046886726,0.004104056962513504,-0.8857197908333285,-0.11528167684138678,0.051439598183089595,0.44839123052797986
0.005525067390072753,-0.024959294442396803,0.03505584041056036,0.035760048289720806,0.041284127056132276,-0.0049918588884793605,-0.0015903027889577087,-0.09366762033127984,-0.17277214662047635,0.024613886693807215,-0.18815228177061305,-0.5904235002176317,0.2997380667156467,0.9862720698079038
0.0026937586379133047,-0.014272362950301546,0.0060542331853834005,0.007340672394932131,0.007311964890058547,-0.002854472590060309,0.0003183119053063963,-0.05008847843889841,-0.08584219924573377,0.004935765722360441,-0.34701848871691154,-0.34121931088858876,0.12531340298401042,0.5126389049000536
0.034410467365109845,0.03189778755654703,0.02321947782690529,0.01902831416816713,0.019900038975855926,0.0063795575113094055,-0.0006145490868095487,-0.09863139145121502,-0.18211273408505912,0.015541793716869584,-0.8166062337843814,1.5588031495393948,0.6772677399965248,0.8520599616395794
0.010172326858316367,0.010943309366887732,0.012276284095146025,0.010290709277228277,0.01075408609941773,0.0021886618733775462,0.001116285486530616,-0.042683307022001626,-0.09164009330930845,0.008798412380868611,-0.8214962759305167,0.346885188671632,0.631441463212238,0.8846742335389655
-0.002630656158809558,-0.025453787503433745,0.008707441578650374,0.006755835684018804,0.007980717143738372,-0.005090757500686749,0.0016481297609439983,-0.025132571017489558,-0.059776080046886726,0.004224751358833549,-0.7139078909866275,-0.4099760905635852,0.04076072396137803,0.37951978953289284
-0.014358252407849376,-0.08276818829674681,0.022295333786945,0.03585475525176517,0.041304175876670665,-0.016553637659349363,-0.002448974080227094,-0.10163816744462417,-0.17277214662047635,0.024037795691123055,-0.1095697430769145,-0.6380004923027724,0.31545994233877334,0.9856677443542133
-0.007703334378507144,-0.019662990309101996,0.006403536833226237,0.007509366509485011,0.00735766572834679,-0.003932598061820399,0.0001168406283663524,-0.04610285869886177,-0.08584219924573377,0.004784381621592728,-0.29719527483363656,-0.576081436740262,0.06107452470302575,0.6163374741447336
0.012307339780525091,0.036713160293407834,0.023376484909846684,0.019238466593220413,0.019914066229749613,0.0073426320586815665,0.00012255873807239873,-0.09863139145121502,-0.18211273408505912,0.01584464532223796,-0.9001469740122133,1.5126907495772992,0.6920885139252405,0.8732385886499763
0.013409568189780074,0.02025533842966371,0.013301792678787823,0.010616462313307281,0.010873094311822094,0.004051067685932741,0.0018876616127255952,-0.042683307022001626,-0.09164009330930845,0.008921717470212557,-0.8985156377385228,0.29982485978491846,0.6297892074966914,0.8711410007919046
0.0013871319123641172,-0.013137853990653179,0.008378872299741756,0.006448986531988165,0.00789823706466807,-0.002627570798130636,0.0012073857719502804,-0.025132571017489558,-0.059776080046886726,0.004224751358833549,-0.7290232940369041,-0.2788149526658755,0.0067214460362322774,0.3553866516580943
0.010198881143793826,-0.064457748119661,0.025326378351303178,0.03596124416588371,0.04132829627409961,-0.0128915496239322,-0.001976219649661839,-0.10163816744462417,-0.17277214662047635,0.024037795691123055,-0.14991936642441778,-0.6627966120873267,0.31964968147470846,0.9859080802609556
-0.0022449405688869883,-0.021966894416104926,0.006121175640317295,0.007261112107378725,0.007350698101736083,-0.004393378883220985,-0.0004181523505617939,-0.04824189918218047,-0.08584219924573377,0.004772589035559442,-0.17323031008891435,-0.3822055470452575,0.014475585276844912,0.6045362179555208
0.006215306476710675,0.07289965520358281,0.011542284949610458,0.018784267031353514,0.01992579711382052,0.014579931040716563,-0.000517597304715034,-0.09863139145121502,-0.18211273408505912,0.01584464532223796,-0.9109229427679272,1.7831854200715604,0.6738299050017402,0.8665910055305509
0.011583233013673594,0.05125365159577314,0.0023262142098925903,0.010196013522439854,0.010966370024054815,0.01025073031915463,0.0015689576286630966,-0.042683307022001626,-0.09164009330930845,0.008921717470212557,-1.088750479617396,0.4104426541093997,0.6374534453839308,0.8552448211766658
-0.0034460501449737058,-0.007467842873411409,0.007631539798531462,0.006433793779161074,0.007899179640396633,-0.0014935685746822818,0.0007450503224767219,-0.02713767845693793,-0.059776080046886726,0.004071573146185193,-0.5376380705571611,-0.48037350961129105,0.010243620333704665,0.36482846683551795
0.059631338341545645,0.049175548894670434,0.029802265309004487,0.03849580361438245,0.04150804991818535,0.009835109778934087,0.0006940119247950627,-0.10163816744462417,-0.17277214662047635,0.024037795691123055,-0.11468572336961468,-0.8753759751582442,0.33736652413928986,0.9878049929247749
-0.017448936112213296,-0.037826770997382006,0.008095544999777379,0.00798732647391862,0.00755358770033336,-0.007565354199476401,-0.001625063934731625,-0.06470501584028676,-0.08584219924573377,0.005645705906918474,-0.23053283061960822,-0.29608191134414347,0.05496537301897297,0.590892990821837
-0.012443444484157212,0.047136998496722544,0.016799016966277846,0.018913197858947947,0.019894455598375025,0.009427399699344509,-0.0014058600227872344,-0.09863139145121502,-0.18211273408505912,0.014980646495372233,-0.7521310739361617,1.457581630832936,0.645143646340476,0.8675374839723194
-0.00026592472642134556,0.04267132907801958,0.005333203288384097,0.009942584235063119,0.01092497154348679,0.008534265815603915,0.00099320067299163,-0.042683307022001626,-0.09164009330930845,0.009069692806216492,-1.0352299425764937,0.4401230121809383,0.64896899175739,0.9024338915627885
0.006544327483146472,-0.010011408351051682,0.0067880059393079185,0.006562753757014674,0.007928426674335095,-0.0020022816702103363,0.0010422196907505326,-0.02713767845693793,-0.059776080046886726,0.004071573146185193,-0.6172556792908985,-0.5485450895380235,0.01532360556303719,0.37564560679459047
0.00381145059615378,0.06480848506371668,0.027708747171505302,0.03829194279318599,0.040443832786641154,0.012961697012743337,-1.2053082135574795e-05,-0.10163816744462417,-0.17277214662047635,0.024037795691123055,-0.06036077623201087,-0.8294575371418629,0.30946468451622156,0.9877275433587038
-0.00029631262787651897,0.04019335651031191,0.017363804606485088,0.018506880156682844,0.0198847756869566,0.008038671302062383,-0.0021840548229065185,-0.09863139145121502,-0.18211273408505912,0.014945946816902273,-0.7052671391228539,1.7023717565464842,0.6421222147693085,0.8842223816025554
-0.0014027106958083941,0.03349649263954022,0.0069838984318205816,0.009772580401099646,0.010792624792619002,0.006699298527908045,0.0004733521121407005,-0.042683307022001626,-0.09164009330930845,0.00885082118075386,-0.9456658077584353,0.42025625287478874,0.6547309591827953,0.9219838102857254
0.0018382726583389766,0.0036930257500663163,0.004006230432238963,0.00637590852482709,0.00787513404589063,0.0007386051500132632,0.0007472586900603993,-0.02713767845693793,-0.059776080046886726,0.004071573146185193,-0.586406296844373,-0.42176342610712286,-0.008897615045446025,0.3761815675443175
0.014282991998969674,0.0735664096726136,0.027396171223651095,0.03702993228528638,0.04044771139119385,0.014713281934522721,0.0028512243189727933,-0.10163816744462417,-0.17277214662047635,0.02536964653462828,-0.2302845797394109,-0.5314300452326284,0.33726720723033976,0.9868247818409435
-0.0017407297780545569,0.004042159367147505,0.009284262067698357,0.018491067446802498,0.019711356875070956,0.000808431873429501,-0.001998896373834157,-0.09863139145121502,-0.18211273408505912,0.01520350973057481,-0.7401359784859749,1.7560491493779227,0.6207516480217472,0.8807384615624866
-0.00773416142556359,0.015590004355660261,0.009044801340223686,0.009943584568180997,0.010844942275264646,0.003118000871132052,9.764634044135481e-05,-0.042683307022001626,-0.09164009330930845,0.00824554050568541,-0.8045681621614822,0.02639108598205381,0.6554697688414158,0.9303148717437828
-0.006235855007638883,8.782690123699134e-05,0.0049722029846039325,0.0065647911050630975,0.007927000090126281,1.7565380247398268e-05,0.00041593021135501304,-0.02713767845693793,-0.059776080046886726,0.0037700259352024543,-0.4392238387825691,-0.8033905769003933,0.013239159554207727,0.3756693417670963
0.0022690153005285388,-0.022434437121165586,0.008375417338820933,0.007446523573784872,0.007539931218353028,-0.0044868874242331176,-0.002081482543266757,-0.06470501584028676,-0.08584219924573377,0.005645705906918474,-0.38432179217368195,-0.06387677923908783,0.009857753240214115,0.5624396522464389
0.032101775395604985,0.0238365949822274,0.01668438355202192,0.020005025154804776,0.019858762430491034,0.0047673189964454795,-0.0003571888003938383,-0.09863139145121502,-0.18211273408505912,0.01534958579259951,-0.5690533404685248,1.1111849370232376,0.6599832259896503,0.8855132323969588
0.020703906909974427,0.022884343075854616,0.011401096252073658,0.010954959189696856,0.01115315966778938,0.004576868615170923,0.0009971132701818766,-0.042683307022001626,-0.09164009330930845,0.00824554050568541,-0.48760573822440234,-0.0726187481091829,0.7070850578550697,0.9382013723309676
0.0017359794187211126,0.00043667440759398673,0.004998602441823315,0.00655311853081409,0.00790915981796055,8.733488151879734e-05,0.0003744912702161679,-0.02713767845693793,-0.059776080046886726,0.0037700259352024543,-0.42208019500607047,-0.7980797361887818,0.0038435305498889885,0.3948149970444529
0.007640203410938771,0.09556486549140175,0.0229689394071715,0.037045092002826414,0.0404600785380499,0.01911297309828035,0.0030445599664665544,-0.10163816744462417,-0.17277214662047635,0.02536964653462828,-0.24727313542155366,-0.5301780174202787,0.3397185263369063,0.9841820551448146
-0.0016356701256729704,-0.02676386588475186,0.007638871545059607,0.007394059317289444,0.007508453675695532,-0.005352773176950372,-0.002249126525699645,-0.06470501584028676,-0.08584219924573377,0.005663820679526204,-0.32488807886558035,-0.0098480465494696,0.007639149714838422,0.535151596737718
-0.006085816414684308,0.011535472090832416,0.017312603600234372,0.01941914431975591,0.019863466315751307,0.002307094418166483,0.0004279980438893669,-0.09863139145121502,-0.18211273408505912,0.015406718673533519,-0.6798674735085303,1.7140380690934032,0.6429127371338489,0.8814304494028204
0.0030569974738271543,0.014358107536008174,0.010707725140076299,0.01047363959377099,0.01114050448358799,0.002871621507201635,0.0017852808971276096,-0.042683307022001626,-0.09164009330930845,0.00877877901715154,-0.6778826040121181,0.6036976649431215,0.666254337363553,0.9226231199029999
